lender,borrower,amount
Alder Bank,Birch Bank,5100
Alder Bank,Cedar Bank,2100
Alder Bank,Elm Bank,1400
Alder Bank,Fir Bank,3600
Alder Bank,Holly Bank,6600
Birch Bank,Alder Bank,2300
Birch Bank,Dune Bank,4400
Birch Bank,Elm Bank,1000
Birch Bank,Gum Bank,600
Birch Bank,Holly Bank,4700
Cedar Bank,Alder Bank,1100
Cedar Bank,Dune Bank,2100
Cedar Bank,Fir Bank,1200
Cedar Bank,Gum Bank,300
Dune Bank,Birch Bank,4700
Dune Bank,Cedar Bank,1900
Dune Bank,Elm Bank,1200
Dune Bank,Fir Bank,3300
Dune Bank,Holly Bank,6000
Elm Bank,Alder Bank,700
Elm Bank,Birch Bank,1100
Elm Bank,Dune Bank,1300
Elm Bank,Gum Bank,200
Elm Bank,Holly Bank,1400
Fir Bank,Alder Bank,1600
Fir Bank,Cedar Bank,1000
Fir Bank,Dune Bank,2900
Fir Bank,Gum Bank,400
Gum Bank,Birch Bank,700
Gum Bank,Cedar Bank,300
Gum Bank,Elm Bank,200
Gum Bank,Fir Bank,500
Gum Bank,Holly Bank,900
Holly Bank,Alder Bank,2800
Holly Bank,Birch Bank,4300
Holly Bank,Dune Bank,5200
Holly Bank,Elm Bank,1100
Holly Bank,Gum Bank,800
